[{"model": "products.product", "pk": 1, "fields": {"title": "Ultra HD (4K) LED телевизор 50\" LG NanoCell 50NANO75VPA", "price": "49999.00", "count": 12, "fullDescription": "Ultra HD (4K) LED-телевизор 50\\\" LG NanoCell 50NANO75VPA выводит на экран контент с разрешением 4K Ultra HD, что обеспечивает оптимальную детализацию. Специальные технологии улучшают качество цветопередачи, регулируют яркость, усиливают контрастность для создания реалистичного изображения. Это позволяет наслаждаться просмотром видеороликов, сериалов и фильмов. Устройство поддерживает функцию Smart TV для использования онлайн-кинотеатров, поиска контента, скачивания мультимедийных приложений. Модуль Wi-Fi обеспечивает скоростное беспроводное соединение для стабильной работы.\\r\\n\\r\\nСистема Ultra Surround создает качественное звучание для эффекта полного погружения в атмосферу фильмов и игр. Подача голосовых команд облегчает управление и ввод поисковых запросов. С помощью адаптера Bluetooth к Ultra HD (4K) LED-телевизору 50\\\" LG NanoCell 50NANO75VPA можно подключить мышь или клавиатуру, наушники или колонки. Порты USB позволяют подсоединить внешние накопители для воспроизведения записанных файлов. Телевизор оснащен слотом CI+ для установки CAM-модуля для приема и просмотра платных каналов.", "category": 10, "date": "2023-03-13T14:38:18.276Z", "limited_edition": true, "freeDelivery": false, "rating": 5, "favourite": true}}, {"model": "products.product", "pk": 2, "fields": {"title": "Ultra HD (4K) QLED телевизор 65\" Haier 65 Smart TV AX Pro", "price": "76999.00", "count": 15, "fullDescription": "Ultra HD (4K) QLED телевизор 65\" Haier 65 Smart TV AX Pro воспроизводит качественное изображение с разрешением 3840х2160 пикселей. Модель характеризуется естественной цветопередачей, оптимальным уровнем детализации и контрастности. Благодаря модулю Wi-Fi и технологии Smart TV устройство можно подключить к интернету, смотреть фильмы онлайн и скачивать необходимые приложения. Управление моделью осуществляется с помощью пульта ДУ и смартфона. Находить необходимую информацию удобно посредством голосового помощника Google.\r\n\r\nUltra HD (4K) QLED телевизор 65\" Haier 65 Smart TV AX Pro имеет два стереодинамика, которые обеспечивают объемный звук. Функция «Родительский контроль» дает возможность пользователю ограничить доступ детей к определенным телеканалам. Для подключения внешних накопителей информации, колонок и игровой приставки в арсенале устройства есть интерфейсы HDMI, USB, RCA и адаптер беспроводной связи Bluetooth. Телевизор можно поставить на стол, а также зафиксировать на стене посредством кронштейна стандарта VESA.", "category": 10, "date": "2023-03-14T13:30:53.780Z", "limited_edition": false, "freeDelivery": false, "rating": 0, "favourite": true}}, {"model": "products.product", "pk": 3, "fields": {"title": "Ultra HD (4K) LED телевизор 43\" Hi VHIX-43U169MSY", "price": "13999.00", "count": 20, "fullDescription": "43-дюймовый телевизор Hi VHIX-43U169MSY с LED-подсветкой имеет разрешение Ultra HD (3840x2160 пикселей), что дает возможность насладиться кинолентами, вышедшими в высоком качестве и с отличной детализацией. Формат экрана — 16:9, контрастность — 1200:1. Картинка, выводимая на экран, имеет отличную четкость, яркость и насыщенность. Цвета приближены к оригинальным. Также имеется цифровое шумоподавление, которое улучшает качество картинки. Широкий угол обзора позволяет смотреть фильмы и сериалы без сильного изменения восприятия из разных мест комнаты.\r\n\r\nHi VHIX-43U169MSY имеет Smart TV с платформой «Яндекс» в качестве операционной системы. Благодаря ей вы сможете использовать телевизор для интернет-серфинга точно таким же образом, как ноутбук, стационарный компьютер или любое другое устройство. Особенно эта технология понравится любителям кино и сериалов. Кроме того, Smart TV позволяет устанавливать разнообразные приложения и запускать их прямо на большом экране. Также эта модель телевизора имеет защиту от детей, телетекст, таймер выключения.\r\n\r\nМодель поддерживает воспроизведение контента с флеш-накопителей. Для этого в ней имеется USB-разъем. Кроме того, Hi VHIX-43U169MSY имеет 3 HDMI и выход для наушников. Для подключения к интернету в телевизоре предусмотрен Wi-Fi и порт Ethernet. В комплекте есть пульт ДУ и специальная подставка, которая обеспечивает отличную устойчивость.", "category": 10, "date": "2023-03-14T13:31:50.829Z", "limited_edition": true, "freeDelivery": false, "rating": 0, "favourite": true}}, {"model": "products.product", "pk": 4, "fields": {"title": "Ultra HD (4K) LED телевизор 50\" LG 50UQ80006LB", "price": "59999.00", "count": 7, "fullDescription": "Ultra HD (4K) LED-телевизор LG 50UQ80006LB с диагональю экрана 50 дюймов обеспечивает высококачественное изображение благодаря функции оптимизации HDR10 Pro. Он поддерживает FILMMAKER MODE для трансляции фильмов в том цветовом формате, в котором он был задуман режиссером. Функция Smart TV открывает доступ к онлайн-контенту и интернет-приложениям.\r\n\r\nТехнология ThinQ AI позволяет полностью персонализировать устройство. Она также дает возможность управлять им голосом. Для выбора параметров можно использовать смартфон и пульт ДУ, входящий в комплектацию. Девайс устанавливается как на стену с помощью крепления VESA 400x400, так и на любую плоскую поверхность за счет использования подставки.", "category": 10, "date": "2023-03-14T14:21:36.155Z", "limited_edition": true, "freeDelivery": false, "rating": 4, "favourite": true}}, {"model": "products.product", "pk": 5, "fields": {"title": "Смартфон Apple iPhone 14 Pro 128GB Space Black", "price": "109999.00", "count": 9, "fullDescription": "Смартфон Apple iPhone 14 Pro 128GB Space Black имеет 6,1-дюймовый дисплей Super Retina XDR. Керамическое покрытие снижает риск появления царапин и потертостей на экране при активном использовании телефона. Функция True Tone автоматически увеличивает яркость дисплея при воспроизведении контента на улице в солнечный день. Верхний активный интерфейс Dynamic Island позволяет получить расширенную версию уведомлений при касании. Это создает удобство при переключении треков, а также позволяет читать СМС без разблокировки экрана.\r\n\r\nСмартфон Apple iPhone 14 Pro 128GB Space Black оборудован процессором A16 Bionic с 16 млн транзисторов, который характеризуется высоким быстродействием. Технология ProMotion регулирует производительность графического ускорителя. Благодаря этому динамичные сцены в играх воспроизводятся максимально плавно. Модель имеет слот для карт стандарта nano-SIM. Внутренней памяти объемом 128 ГБ достаточно для хранения фотографий, важных документов и любимой музыки. Благодаря датчику Crash Detection телефон автоматически отправляет сигнал бедствия в экстренные службы при ДТП.\r\n\r\nСмартфон Apple iPhone 14 Pro 128GB Space Black оборудован основной камерой с разрешением 48 Мп и четырехпиксельным сенсором. Объектив с семью линзами захватывает больше света. Благодаря этому фотографии получаются яркими и детализированными даже ночью. Система камер Pro позволяет использовать основной модуль в качестве телеобъектива с двухкратным оптическим приближением. Технология Action Mode исключает риск размытия кадров при съемке движущихся объектов. Фронтальная камера TrueDepth со встроенной вспышкой и автофокусом позволяет делать яркие селфи крупным планом, а также групповые снимки.", "category": 6, "date": "2023-03-15T13:19:53.932Z", "limited_edition": true, "freeDelivery": false, "rating": 5, "favourite": false}}, {"model": "products.product", "pk": 6, "fields": {"title": "Ноутбук Honor MagicBook 16 R5/16/512 Grey (HYM-W56)", "price": "48999.00", "count": 4, "fullDescription": "Ноутбук Honor MagicBook 16 R5/16/512 Grey (HYM-W56) является оптимальным решением как для выполнения сложных задач, так и для общения в социальных сетях или просмотра сериалов. Высокой производительности лэптопа способствует мощное железо: шестиядерный процессор с максимальной тактовой частотой 4,2 ГГц и интегрированный графический адаптер Radeon Graphics. Благодаря сканеру отпечатков пальцев вход в систему устройства защищен от несанкционированного доступа.\r\n\r\nНоутбук Honor MagicBook 16 R5/16/512 Grey (HYM-W56) поддерживает работу в автономном режиме в течение 11,5 ч. Для этого модель получила аккумуляторную батарею со значительной емкостью. Хранить большой объем разной информации позволяет SSD-накопитель, который имеет 512 ГБ свободного места. Высококачественное воспроизведение аудиофайлов обеспечивается посредством мощных встроенных динамиков. Благодаря веб-камере с оптимальным разрешением можно участвовать в видеоконференциях.\r\n\r\nНоутбук Honor MagicBook 16 R5/16/512 Grey (HYM-W56) обладает ударопрочным алюминиевым корпусом. Поэтому внутренние элементы надежно защищены от деформации и повреждений. Просматривать фильмы в формате Full HD позволяет экран с разрешением 1920x1080 пикселей, благодаря которому картинка характеризуется великолепной цветопередачей. За счет твердотельного накопителя программы, игровые уровни и операционная система загружаются в течение нескольких секунд.", "category": 4, "date": "2023-03-15T13:26:55.580Z", "limited_edition": true, "freeDelivery": false, "rating": 5, "favourite": true}}, {"model": "products.product", "pk": 7, "fields": {"title": "Стиральная машина LG FH0B8LD6", "price": "43999.00", "count": 6, "fullDescription": "Стиральная машина LG FH0B8LD6 - стильная и лаконичная модель с электронным управлением, снабженная инверторным двигателем с прямым приводом. Бак изготовлен из устойчивой к механическому воздействию нержавеющей стали. Возможно управление при помощи телефона или планшета. Уровень шума в процессе стирки составляет 55 дБ, при отжиме - 73 дБ. Загрузка осуществляется фронтально - максимум до 5 кг. Дверца люка открывается на 180°. Скорость отжима достигает 1000 об/мин - при необходимости этот параметр можно регулировать. Отсрочка запуска позволяет активировать старт программы через некоторое время, что особенно актуально, когда нужно пойти по важным делам.\r\n\r\nФункционалом стиральной машины LG FH0B8LD6 предусмотрена возможность выбора температуры стирки (немаловажно для деликатных тканей) и отключение отжима. По завершении программы активируется звуковой сигнал. Модель оснащена 13 встроенными программами, за счет чего можно самостоятельно не заниматься установкой подходящих параметров. Барабан пузырькового типа выполнен из прочной и устойчивой к механическому воздействию нержавеющей стали. Для большей информативности стиральная машина LG FH0B8LD6 оснащена цифровым дисплеем и индикаторами, которые сообщают о ходе программы. Для безопасности предусмотрена защита от протечек, контроль пенообразования и дисбаланса. Самодиагностика неисправностей служит для своевременного нахождения поломок и их устранения. Потребление за один цикл - 0,95 кВт*ч (класс А).", "category": 13, "date": "2023-03-15T13:30:24.693Z", "limited_edition": true, "freeDelivery": false, "rating": 5, "favourite": true}}, {"model": "products.productimage", "pk": 1, "fields": {"image": "static/frontend/assets/img/content/home/products/1/700x525.jpeg", "product": 1}}, {"model": "products.productimage", "pk": 2, "fields": {"image": "static/frontend/assets/img/content/home/products/2/700x525-2.jpeg", "product": 2}}, {"model": "products.productimage", "pk": 4, "fields": {"image": "static/frontend/assets/img/content/home/products/4/700x525-6.webp", "product": 4}}, {"model": "products.productimage", "pk": 5, "fields": {"image": "static/frontend/assets/img/content/home/products/4/380x240.webp", "product": 4}}, {"model": "products.productimage", "pk": 6, "fields": {"image": "static/frontend/assets/img/content/home/products/3/700x525-5_og5JldX.webp", "product": 3}}, {"model": "products.productimage", "pk": 7, "fields": {"image": "static/frontend/assets/img/content/home/products/4/загруженное.webp", "product": 4}}, {"model": "products.productimage", "pk": 8, "fields": {"image": "static/frontend/assets/img/content/home/products/4/380x240-2.webp", "product": 4}}, {"model": "products.productimage", "pk": 9, "fields": {"image": "static/frontend/assets/img/content/home/products/4/380x240-3.webp", "product": 4}}, {"model": "products.productimage", "pk": 10, "fields": {"image": "static/frontend/assets/img/content/home/products/4/380x240_oQvyiy2.webp", "product": 4}}, {"model": "products.productimage", "pk": 11, "fields": {"image": "static/frontend/assets/img/content/home/products/5/380x240-4.webp", "product": 5}}, {"model": "products.productimage", "pk": 12, "fields": {"image": "static/frontend/assets/img/content/home/products/5/380x240-5.webp", "product": 5}}, {"model": "products.productimage", "pk": 13, "fields": {"image": "static/frontend/assets/img/content/home/products/5/380x240-6.webp", "product": 5}}, {"model": "products.productimage", "pk": 14, "fields": {"image": "static/frontend/assets/img/content/home/products/6/700x525.webp", "product": 6}}, {"model": "products.productimage", "pk": 15, "fields": {"image": "static/frontend/assets/img/content/home/products/6/700x525-2.webp", "product": 6}}, {"model": "products.productimage", "pk": 16, "fields": {"image": "static/frontend/assets/img/content/home/products/6/700x525-3.webp", "product": 6}}, {"model": "products.productimage", "pk": 17, "fields": {"image": "static/frontend/assets/img/content/home/products/6/700x525-4.webp", "product": 6}}, {"model": "products.productimage", "pk": 18, "fields": {"image": "static/frontend/assets/img/content/home/products/6/700x525-5.webp", "product": 6}}, {"model": "products.productimage", "pk": 19, "fields": {"image": "static/frontend/assets/img/content/home/products/6/700x525-6.webp", "product": 6}}, {"model": "products.productimage", "pk": 20, "fields": {"image": "static/frontend/assets/img/content/home/products/6/700x525-7.webp", "product": 6}}, {"model": "products.productimage", "pk": 21, "fields": {"image": "static/frontend/assets/img/content/home/products/6/700x525-8.webp", "product": 6}}, {"model": "products.productimage", "pk": 22, "fields": {"image": "static/frontend/assets/img/content/home/products/7/700x525_01CWFcV.webp", "product": 7}}, {"model": "products.productimage", "pk": 23, "fields": {"image": "static/frontend/assets/img/content/home/products/7/700x525-3.webp", "product": 7}}, {"model": "products.productimage", "pk": 24, "fields": {"image": "static/frontend/assets/img/content/home/products/7/700x525-4.webp", "product": 7}}, {"model": "products.productimage", "pk": 25, "fields": {"image": "static/frontend/assets/img/content/home/products/7/700x525-5.webp", "product": 7}}, {"model": "products.productimage", "pk": 26, "fields": {"image": "static/frontend/assets/img/content/home/products/7/700x525-6.webp", "product": 7}}, {"model": "products.productimage", "pk": 27, "fields": {"image": "static/frontend/assets/img/content/home/products/7/700x525-2_VCu3gXR.webp", "product": 7}}, {"model": "products.tag", "pk": 1, "fields": {"name": "телек", "product": 1}}, {"model": "products.specification", "pk": 1, "fields": {"name": "Операционная система"}}, {"model": "products.specification", "pk": 2, "fields": {"name": "Потребляемая мощность"}}, {"model": "products.specification", "pk": 3, "fields": {"name": "Диагональ"}}, {"model": "products.specification", "pk": 4, "fields": {"name": "Тип матрицы"}}, {"model": "products.specification", "pk": 5, "fields": {"name": "HDMI"}}, {"model": "products.specification", "pk": 6, "fields": {"name": "Разрешение экрана"}}, {"model": "products.specification", "pk": 7, "fields": {"name": "Класс стирки"}}, {"model": "products.productspecification", "pk": 1, "fields": {"product": 4, "name": 1, "value": "WebOS"}}, {"model": "products.productspecification", "pk": 2, "fields": {"product": 4, "name": 2, "value": "130 Вт"}}, {"model": "products.productspecification", "pk": 3, "fields": {"product": 4, "name": 3, "value": "50\" (127 см)"}}, {"model": "products.productspecification", "pk": 4, "fields": {"product": 4, "name": 4, "value": "VA"}}, {"model": "products.productspecification", "pk": 5, "fields": {"product": 4, "name": 5, "value": "2"}}, {"model": "products.productspecification", "pk": 6, "fields": {"product": 5, "name": 1, "value": "iOS"}}, {"model": "products.productspecification", "pk": 7, "fields": {"product": 5, "name": 3, "value": "6.1\""}}, {"model": "products.productspecification", "pk": 8, "fields": {"product": 6, "name": 1, "value": "Без ОС"}}, {"model": "products.productspecification", "pk": 9, "fields": {"product": 6, "name": 3, "value": "16.1\""}}, {"model": "products.productspecification", "pk": 10, "fields": {"product": 6, "name": 6, "value": "1920x1080 Пикс"}}, {"model": "products.productspecification", "pk": 11, "fields": {"product": 7, "name": 7, "value": "A"}}]